id;title;description;created
1;up;../fake-data/blob/hipster.txt;2021-10-12T06:38:16
2;collaborative embrace;../fake-data/blob/hipster.txt;2021-10-11T14:27:47
3;invoice National generate;../fake-data/blob/hipster.txt;2021-10-12T00:00:34
4;Investment global architect;../fake-data/blob/hipster.txt;2021-10-12T02:39:48
5;open-source forecast;../fake-data/blob/hipster.txt;2021-10-11T09:52:50
6;microchip Director;../fake-data/blob/hipster.txt;2021-10-11T19:26:22
7;impactful;../fake-data/blob/hipster.txt;2021-10-11T20:22:38
8;Iowa;../fake-data/blob/hipster.txt;2021-10-12T05:35:07
9;Usability Stravenue override;../fake-data/blob/hipster.txt;2021-10-12T02:04:25
10;Specialist functionalities Montana;../fake-data/blob/hipster.txt;2021-10-11T13:23:31
