id;title;description;image;image_content_type;height;width;taken;uploaded
1;ADP (Bouvetoya) Specialist;../fake-data/blob/hipster.txt;../fake-data/blob/hipster.png;image/png;40198;33373;2021-10-11T12:27:07;2021-10-11T19:28:51
2;Chief Frozen Ergonomic;../fake-data/blob/hipster.txt;../fake-data/blob/hipster.png;image/png;48877;11740;2021-10-12T06:43:25;2021-10-11T15:45:11
3;Sleek Cambridgeshire;../fake-data/blob/hipster.txt;../fake-data/blob/hipster.png;image/png;17002;19520;2021-10-11T16:39:13;2021-10-11T20:40:54
4;1080p Toys bypassing;../fake-data/blob/hipster.txt;../fake-data/blob/hipster.png;image/png;47332;56390;2021-10-11T08:56:43;2021-10-11T14:51:24
5;maroon parsing;../fake-data/blob/hipster.txt;../fake-data/blob/hipster.png;image/png;92742;8441;2021-10-12T01:27:39;2021-10-12T03:58:52
6;Brand Credit;../fake-data/blob/hipster.txt;../fake-data/blob/hipster.png;image/png;92495;89882;2021-10-11T20:51:35;2021-10-11T20:16:48
7;digital challenge;../fake-data/blob/hipster.txt;../fake-data/blob/hipster.png;image/png;34253;3676;2021-10-12T03:50:56;2021-10-11T13:01:14
8;algorithm;../fake-data/blob/hipster.txt;../fake-data/blob/hipster.png;image/png;31435;65671;2021-10-11T15:11:25;2021-10-12T04:15:35
9;foreground Plastic;../fake-data/blob/hipster.txt;../fake-data/blob/hipster.png;image/png;27177;15695;2021-10-11T16:10:40;2021-10-11T14:41:06
10;Metrics middleware;../fake-data/blob/hipster.txt;../fake-data/blob/hipster.png;image/png;91121;12210;2021-10-11T19:19:09;2021-10-11T11:23:29
